date,open,high,low,close,previous,previous_ratio,volume
22/10/20,"26,981.75","27,092.55","26,872.45","27,006.96",-250.42,-0.9,"1,044,530,000"
22/10/19,"27,225.17","27,371.38","27,192.79","27,257.38",101.24,0.4,"957,040,000"
22/10/18,"27,167.73","27,229.88","26,910.10","27,156.14",380.35,1.4,"1,106,720,000"
22/10/17,"26,785.02","26,814.92","26,649.13","26,775.79",-314.97,-1.2,"1,057,210,000"
22/10/14,"26,599.32","27,180.16","26,595.35","27,090.76",853.34,3.3,"1,319,310,000"
22/10/13,"26,398.29","26,408.31","26,237.42","26,237.42",-159.41,-0.6,"1,042,870,000"
22/10/12,"26,353.22","26,495.75","26,313.41","26,396.83",-4.42,0,"1,164,940,000"
22/10/11,"26,757.12","26,759.62","26,369.56","26,401.25",-714.86,-2.6,"1,296,460,000"
22/10/07,"26,975.92","27,198.91","26,921.90","27,116.11",-195.19,-0.7,"1,111,960,000"
22/10/06,"27,137.98","27,399.19","27,137.98","27,311.30",190.77,0.7,"1,139,430,000"
22/10/05,"27,211.32","27,216.80","27,030.55","27,120.53",128.32,0.5,"1,185,700,000"
22/10/04,"26,653.49","26,994.44","26,633.52","26,992.21",776.42,3,"1,378,660,000"
22/10/03,"25,778.95","26,223.84","25,621.96","26,215.79",278.58,1.1,"1,269,340,000"
22/09/30,"26,240.00","26,273.65","25,805.59","25,937.21",-484.84,-1.8,"1,520,290,000"
22/09/29,"26,280.50","26,458.67","26,221.78","26,422.05",248.07,0.9,"1,403,610,000"
22/09/28,"26,422.86","26,516.32","25,938.36","26,173.98",-397.89,-1.5,"1,554,740,000"
22/09/27,"26,585.38","26,680.20","26,523.77","26,571.87",140.32,0.5,"1,145,570,000"
22/09/26,"26,779.44","26,779.44","26,424.60","26,431.55",-722.28,-2.7,"1,526,630,000"
22/09/22,"27,053.58","27,197.07","26,955.18","27,153.83",-159.3,-0.6,"1,144,750,000"
22/09/21,"27,440.84","27,467.34","27,297.50","27,313.13",-375.29,-1.4,"1,068,750,000"
22/09/20,"27,788.68","27,907.45","27,627.86","27,688.42",120.77,0.4,"1,034,410,000"
22/09/16,"27,631.39","27,654.99","27,525.68","27,567.65",-308.26,-1.1,"1,417,560,000"
22/09/15,"27,873.96","27,946.20","27,801.44","27,875.91",57.29,0.2,"897,540,000"
22/09/14,"28,132.70","28,141.92","27,795.64","27,818.62",-796.01,-2.8,"1,200,480,000"
22/09/13,"28,556.21","28,659.76","28,530.36","28,614.63",72.52,0.3,"931,590,000"
22/09/12,"28,483.59","28,612.89","28,438.37","28,542.11",327.36,1.2,"925,870,000"
22/09/09,"28,204.71","28,286.02","28,091.38","28,214.75",149.47,0.5,"1,224,700,000"
22/09/08,"27,732.68","28,083.79","27,718.30","28,065.28",634.98,2.3,"1,207,650,000"
22/09/07,"27,546.01","27,546.01","27,268.70","27,430.30",-196.21,-0.7,"1,115,040,000"
22/09/06,"27,650.15","27,813.78","27,557.99","27,626.51",6.9,0,"850,210,000"
22/09/05,"27,567.29","27,673.44","27,511.68","27,619.61",-31.23,-0.1,"811,920,000"
22/09/02,"27,755.60","27,772.37","27,570.74","27,650.84",-10.63,0,"1,030,610,000"
22/09/01,"27,797.00","27,832.78","27,589.70","27,661.47",-430.06,-1.5,"1,100,420,000"
22/08/31,"27,928.09","28,104.80","27,906.17","28,091.53",-104.05,-0.4,"1,332,180,000"
22/08/30,"28,086.72","28,233.80","27,944.25","28,195.58",316.62,1.1,"998,380,000"
22/08/29,"28,161.06","28,179.09","27,788.12","27,878.96",-762.42,-2.7,"1,073,660,000"
22/08/26,"28,639.47","28,792.93","28,608.70","28,641.38",162.37,0.6,"855,510,000"
22/08/25,"28,415.11","28,534.71","28,357.03","28,479.01",165.54,0.6,"906,450,000"
22/08/24,"28,481.34","28,515.61","28,282.21","28,313.47",-139.28,-0.5,"1,022,930,000"
22/08/23,"28,580.20","28,580.20","28,395.30","28,452.75",-341.75,-1.2,"974,310,000"
22/08/22,"28,654.07","28,828.21","28,586.36","28,794.50",-135.83,-0.5,"920,870,000"
22/08/19,"29,095.71","29,150.80","28,913.05","28,930.33",-11.81,0,"1,022,400,000"
22/08/18,"28,957.40","28,999.64","28,846.52","28,942.14",-280.63,-1,"987,930,000"
22/08/17,"28,952.65","29,222.77","28,944.71","29,222.77",353.86,1.2,"1,135,290,000"
22/08/16,"28,829.53","28,928.16","28,752.88","28,868.91",-2.87,0,"969,650,000"
22/08/15,"28,623.78","28,897.07","28,623.78","28,871.78",324.8,1.1,"994,600,000"
22/08/12,"28,251.74","28,546.98","28,207.86","28,546.98",727.65,2.6,"1,457,930,000"
22/08/10,"27,955.11","27,964.96","27,729.46","27,819.33",-180.63,-0.6,"1,055,220,000"
22/08/09,"28,236.84","28,257.34","27,966.91","27,999.96",-249.28,-0.9,"1,125,240,000"
22/08/08,"28,050.09","28,279.12","28,047.08","28,249.24",73.37,0.3,"1,123,350,000"
22/08/05,"27,915.06","28,190.04","27,910.22","28,175.87",243.67,0.9,"1,212,460,000"
22/08/04,"27,930.94","28,005.59","27,870.05","27,932.20",190.3,0.7,"1,295,400,000"
22/08/03,"27,673.00","27,837.63","27,634.65","27,741.90",147.17,0.5,"1,176,600,000"
22/08/02,"27,812.48","27,830.58","27,530.60","27,594.73",-398.62,-1.4,"1,160,860,000"
22/08/01,"27,813.82","27,993.35","27,751.59","27,993.35",191.71,0.7,"1,226,740,000"
22/07/29,"27,915.22","28,001.80","27,725.24","27,801.64",-13.84,0,"1,293,590,000"
22/07/28,"27,909.15","28,015.68","27,651.99","27,815.48",99.73,0.4,"1,376,790,000"
22/07/27,"27,575.16","27,772.97","27,525.09","27,715.75",60.54,0.2,"925,210,000"
22/07/26,"27,682.20","27,715.78","27,538.39","27,655.21",-44.04,-0.2,"869,890,000"
22/07/25,"27,697.77","27,848.59","27,663.16","27,699.25",-215.41,-0.8,"823,920,000"
22/07/22,"27,773.14","27,952.25","27,701.25","27,914.66",111.66,0.4,"993,860,000"
22/07/21,"27,627.88","27,803.00","27,549.56","27,803.00",122.74,0.4,"970,530,000"
22/07/20,"27,295.95","27,692.85","27,295.95","27,680.26",718.58,2.7,"1,114,290,000"
22/07/19,"27,003.83","27,043.58","26,791.71","26,961.68",173.21,0.6,"972,420,000"
22/07/15,"26,736.08","26,857.77","26,571.38","26,788.47",145.08,0.5,"1,078,310,000"
22/07/14,"26,357.32","26,713.07","26,312.79","26,643.39",164.62,0.6,"972,780,000"
22/07/13,"26,403.79","26,543.07","26,389.10","26,478.77",142.11,0.5,"893,560,000"
22/07/12,"26,701.00","26,718.67","26,278.28","26,336.66",-475.64,-1.8,"1,061,100,000"
22/07/11,"26,892.73","27,062.17","26,710.59","26,812.30",295.11,1.1,"1,152,480,000"
22/07/08,"26,623.85","26,881.75","26,510.53","26,517.19",26.66,0.1,"1,466,870,000"
22/07/07,"26,280.94","26,533.65","26,136.99","26,490.53",382.88,1.5,"1,278,950,000"
22/07/06,"26,190.40","26,298.96","26,051.19","26,107.65",-315.82,-1.2,"1,389,150,000"
22/07/05,"26,386.23","26,532.51","26,294.84","26,423.47",269.66,1,"1,038,180,000"
22/07/04,"26,086.78","26,258.86","25,945.83","26,153.81",218.19,0.8,"1,097,790,000"
22/07/01,"26,460.71","26,531.24","25,841.75","25,935.62",-457.42,-1.7,"1,349,730,000"
22/06/30,"26,753.28","26,753.28","26,324.31","26,393.04",-411.56,-1.5,"1,364,020,000"
22/06/29,"26,814.23","26,858.68","26,687.47","26,804.60",-244.87,-0.9,"1,662,920,000"
22/06/28,"26,795.68","27,062.31","26,789.50","27,049.47",178.2,0.7,"1,226,850,000"
22/06/27,"26,741.80","26,938.43","26,665.44","26,871.27",379.3,1.4,"1,109,570,000"
22/06/24,"26,228.42","26,519.16","26,148.56","26,491.97",320.72,1.2,"1,244,470,000"
22/06/23,"26,134.89","26,401.97","26,039.57","26,171.25",21.7,0.1,"1,082,290,000"
22/06/22,"26,441.72","26,462.83","26,149.17","26,149.55",-96.76,-0.4,"1,111,330,000"
22/06/21,"26,070.92","26,418.84","25,972.28","26,246.31",475.09,1.8,"1,113,400,000"
22/06/20,"26,156.62","26,156.62","25,520.23","25,771.22",-191.78,-0.7,"1,177,840,000"
22/06/17,"25,988.20","26,072.35","25,720.80","25,963.00",-468.2,-1.8,"1,869,650,000"
22/06/16,"26,715.52","26,947.70","26,431.20","26,431.20",105.04,0.4,"1,130,690,000"
22/06/15,"26,625.68","26,638.76","26,321.68","26,326.16",-303.7,-1.1,"1,226,530,000"
22/06/14,"26,555.75","26,657.92","26,357.90","26,629.86",-357.58,-1.3,"1,260,900,000"
22/06/13,"27,369.66","27,389.30","26,948.22","26,987.44",-836.85,-3,"1,218,590,000"
22/06/10,"27,996.35","28,044.45","27,795.17","27,824.29",-422.24,-1.5,"1,272,530,000"
22/06/09,"28,189.35","28,389.75","28,189.35","28,246.53",12.24,0,"1,287,270,000"
22/06/08,"28,100.26","28,234.29","28,089.78","28,234.29",290.34,1,"1,300,380,000"
22/06/07,"27,984.79","28,094.73","27,863.38","27,943.95",28.06,0.1,"1,174,580,000"
22/06/06,"27,549.64","27,979.54","27,523.95","27,915.89",154.32,0.6,"1,001,820,000"
22/06/03,"27,660.62","27,776.33","27,614.86","27,761.57",347.69,1.3,"1,108,280,000"
22/06/02,"27,340.52","27,450.47","27,251.24","27,413.88",-44.01,-0.2,"1,095,370,000"
22/06/01,"27,295.63","27,482.31","27,295.42","27,457.89",178.09,0.7,"1,228,850,000"
22/05/31,"27,318.09","27,463.33","27,250.70","27,279.80",-89.63,-0.3,"2,288,800,000"
22/05/30,"27,092.82","27,401.24","27,057.20","27,369.43",587.75,2.2,"1,681,740,000"
22/05/27,"26,947.80","26,996.70","26,731.60","26,781.68",176.84,0.7,"1,168,390,000"
22/05/26,"26,685.02","26,898.75","26,597.97","26,604.84",-72.96,-0.3,"1,085,810,000"
22/05/25,"26,711.53","26,795.89","26,578.03","26,677.80",-70.34,-0.3,"1,164,920,000"
22/05/24,"27,005.43","27,005.43","26,736.01","26,748.14",-253.38,-0.9,"1,113,510,000"
22/05/23,"26,991.42","27,047.47","26,832.65","27,001.52",262.49,1,"1,097,990,000"
22/05/20,"26,448.23","26,769.20","26,426.99","26,739.03",336.19,1.3,"1,253,300,000"
22/05/19,"26,435.32","26,458.85","26,150.09","26,402.84",-508.36,-1.9,"1,264,390,000"
22/05/18,"26,826.82","27,053.18","26,741.34","26,911.20",251.45,0.9,"1,267,160,000"
22/05/17,"26,555.23","26,709.26","26,440.62","26,659.75",112.7,0.4,"1,320,980,000"
22/05/16,"26,753.37","26,836.96","26,438.61","26,547.05",119.4,0.5,"1,500,490,000"
22/05/13,"25,918.80","26,479.93","25,904.40","26,427.65",678.93,2.6,"1,648,180,000"
22/05/12,"25,945.04","26,028.36","25,688.11","25,748.72",-464.92,-1.8,"1,481,010,000"
22/05/11,"26,045.38","26,290.62","26,003.26","26,213.64",46.54,0.2,"1,368,540,000"
22/05/10,"26,149.06","26,246.63","25,773.83","26,167.10",-152.24,-0.6,"1,372,450,000"
22/05/09,"26,705.32","26,732.61","26,309.22","26,319.34",-684.22,-2.5,"1,263,420,000"
22/05/06,"26,784.29","27,072.59","26,543.29","27,003.56",185.03,0.7,"1,498,560,000"
22/05/02,"26,851.10","26,964.59","26,610.86","26,818.53",-29.37,-0.1,"1,194,200,000"
22/04/28,"26,430.28","26,876.95","26,348.36","26,847.90",461.27,1.7,"1,383,630,000"
22/04/27,"26,313.14","26,406.62","26,051.04","26,386.63",-313.48,-1.2,"1,655,610,000"
22/04/26,"26,743.21","26,808.99","26,592.99","26,700.11",109.33,0.4,"1,034,500,000"
22/04/25,"26,692.48","26,764.48","26,487.84","26,590.78",-514.48,-1.9,"1,013,500,000"
22/04/22,"27,197.80","27,205.83","26,904.38","27,105.26",-447.8,-1.6,"979,400,000"
22/04/21,"27,259.14","27,580.64","27,252.83","27,553.06",335.21,1.2,"1,029,120,000"
22/04/20,"27,210.79","27,389.84","27,066.18","27,217.85",232.76,0.9,"1,146,540,000"
22/04/19,"27,096.49","27,100.59","26,777.71","26,985.09",185.38,0.7,"961,960,000"
22/04/18,"26,831.45","26,851.80","26,571.38","26,799.71",-293.48,-1.1,"834,810,000"
22/04/15,"26,932.48","27,203.77","26,784.92","27,093.19",-78.81,-0.3,"880,060,000"
22/04/14,"26,925.64","27,200.89","26,890.68","27,172.00",328.51,1.2,"1,010,050,000"
22/04/13,"26,436.06","26,885.87","26,429.47","26,843.49",508.51,1.9,"1,165,820,000"
22/04/12,"26,606.87","26,674.86","26,304.08","26,334.98",-486.54,-1.8,"1,175,860,000"
22/04/11,"26,877.60","27,004.50","26,720.46","26,821.52",-164.28,-0.6,"1,148,890,000"
22/04/08,"27,097.05","27,185.23","26,764.36","26,985.80",97.23,0.4,"1,270,960,000"
22/04/07,"27,032.42","27,042.49","26,801.79","26,888.57",-461.73,-1.7,"1,188,110,000"
22/04/06,"27,533.88","27,549.67","27,214.61","27,350.30",-437.68,-1.6,"1,174,860,000"
22/04/05,"27,965.94","27,965.94","27,662.28","27,787.98",51.51,0.2,"1,155,440,000"
22/04/04,"27,685.65","27,754.24","27,578.81","27,736.47",70.49,0.3,"1,009,460,000"
22/04/01,"27,624.11","27,738.31","27,399.48","27,665.98",-155.45,-0.6,"1,190,290,000"
22/03/31,"27,809.97","28,101.68","27,763.96","27,821.43",-205.82,-0.7,"1,340,430,000"
22/03/30,"28,250.80","28,281.45","27,736.27","28,027.25",-225.17,-0.8,"1,404,420,000"
22/03/29,"28,173.43","28,252.42","28,063.92","28,252.42",308.53,1.1,"1,362,360,000"
22/03/28,"28,084.08","28,084.08","27,812.67","27,943.89",-205.95,-0.7,"1,110,240,000"
22/03/25,"28,338.81","28,338.81","27,946.79","28,149.84",39.45,0.1,"1,186,850,000"
22/03/24,"27,693.77","28,110.39","27,624.62","28,110.39",70.23,0.3,"1,242,100,000"
22/03/23,"27,606.79","28,056.20","27,604.37","28,040.16",816.05,3,"1,414,730,000"
22/03/22,"27,091.32","27,284.47","27,076.33","27,224.11",396.68,1.5,"1,533,230,000"
22/03/18,"26,649.50","26,862.43","26,592.98","26,827.43",174.54,0.7,"1,807,720,000"
22/03/17,"26,170.38","26,702.94","26,152.89","26,652.89",890.88,3.5,"1,474,190,000"
22/03/16,"25,574.90","25,824.94","25,470.46","25,762.01",415.53,1.6,"1,339,860,000"
22/03/15,"25,228.53","25,441.67","25,219.13","25,346.48",38.63,0.2,"1,222,080,000"
22/03/14,"25,338.64","25,631.01","25,299.64","25,307.85",145.07,0.6,"1,187,020,000"
22/03/11,"25,495.03","25,503.65","24,966.50","25,162.78",-527.62,-2.1,"1,421,330,000"
22/03/10,"25,108.47","25,720.31","25,099.85","25,690.40",972.87,3.9,"1,504,030,000"
22/03/09,"24,876.49","25,084.08","24,681.74","24,717.53",-73.42,-0.3,"1,500,510,000"
22/03/08,"24,974.35","25,291.33","24,767.33","24,790.95",-430.46,-1.7,"1,873,400,000"
22/03/07,"25,634.09","25,640.41","25,006.26","25,221.41",-764.06,-2.9,"1,750,530,000"
22/03/04,"26,421.85","26,421.85","25,774.28","25,985.47",-591.8,-2.2,"1,529,250,000"
22/03/03,"26,628.87","26,704.85","26,496.72","26,577.27",184.24,0.7,"1,234,940,000"
22/03/02,"26,532.20","26,585.30","26,313.72","26,393.03",-451.69,-1.7,"1,425,530,000"
22/03/01,"26,836.74","27,013.26","26,821.75","26,844.72",317.9,1.2,"1,247,160,000"
22/02/28,"26,457.52","26,644.56","26,262.63","26,526.82",50.32,0.2,"1,448,220,000"
22/02/25,"26,213.20","26,481.60","26,160.19","26,476.50",505.68,1.9,"1,338,990,000"
22/02/24,"26,281.35","26,357.58","25,775.64","25,970.82",-478.79,-1.8,"1,594,120,000"
22/02/22,"26,515.45","26,550.14","26,243.73","26,449.61",-461.26,-1.7,"1,138,930,000"
22/02/21,"26,771.58","26,998.47","26,549.00","26,910.87",-211.2,-0.8,"938,590,000"
22/02/18,"26,895.16","27,216.16","26,792.54","27,122.07",-110.8,-0.4,"1,125,660,000"
22/02/17,"27,431.42","27,438.74","27,080.92","27,232.87",-227.53,-0.8,"1,180,690,000"
22/02/16,"27,269.05","27,486.09","27,227.24","27,460.40",595.21,2.2,"1,155,780,000"
22/02/15,"27,183.56","27,205.20","26,724.91","26,865.19",-214.4,-0.8,"1,343,900,000"
22/02/14,"27,305.92","27,325.50","26,947.65","27,079.59",-616.49,-2.2,"1,379,810,000"
22/02/10,"27,818.10","27,880.70","27,575.07","27,696.08",116.21,0.4,"1,396,240,000"
22/02/09,"27,488.65","27,633.10","27,405.88","27,579.87",295.35,1.1,"1,502,670,000"
22/02/08,"27,318.30","27,461.33","27,280.25","27,284.52",35.65,0.1,"1,288,150,000"
22/02/07,"27,327.63","27,369.68","27,085.32","27,248.87",-191.12,-0.7,"1,302,180,000"
22/02/04,"27,095.90","27,455.98","27,075.99","27,439.99",198.68,0.7,"1,357,650,000"
22/02/03,"27,330.96","27,357.33","27,165.93","27,241.31",-292.29,-1.1,"1,292,790,000"
22/02/02,"27,302.99","27,564.62","27,289.16","27,533.60",455.12,1.7,"1,374,560,000"
22/02/01,"27,167.14","27,410.79","27,016.71","27,078.48",76.5,0.3,"1,373,980,000"
22/01/31,"26,690.60","27,134.57","26,541.65","27,001.98",284.64,1.1,"1,314,610,000"
22/01/28,"26,429.85","26,764.85","26,289.69","26,717.34",547.04,2.1,"1,329,650,000"
22/01/27,"27,139.88","27,193.59","26,044.52","26,170.30",-841.03,-3.1,"1,545,260,000"
22/01/26,"27,105.98","27,184.54","26,858.68","27,011.33",-120.01,-0.4,"1,033,470,000"
22/01/25,"27,466.82","27,493.75","26,890.94","27,131.34",-457.03,-1.7,"1,320,310,000"
22/01/24,"27,258.45","27,627.60","27,203.33","27,588.37",66.11,0.2,"1,080,960,000"
22/01/21,"27,404.36","27,586.42","27,129.61","27,522.26",-250.67,-0.9,"1,235,000,000"
22/01/20,"27,401.43","27,882.53","27,217.59","27,772.93",305.7,1.1,"1,282,470,000"
22/01/19,"27,928.89","27,958.17","27,314.41","27,467.23",-790.02,-2.8,"1,513,740,000"
22/01/18,"28,451.34","28,690.34","28,129.66","28,257.25",-76.27,-0.3,"1,226,570,000"
22/01/17,"28,332.72","28,449.99","28,274.18","28,333.52",209.24,0.7,"995,870,000"
22/01/14,"28,246.99","28,252.96","27,889.21","28,124.28",-364.85,-1.3,"1,408,150,000"
22/01/13,"28,658.22","28,660.45","28,444.96","28,489.13",-276.53,-1,"1,163,570,000"
22/01/12,"28,449.53","28,814.31","28,427.60","28,765.66",543.18,1.9,"1,197,950,000"
22/01/11,"28,380.90","28,473.47","28,089.49","28,222.48",-256.08,-0.9,"1,246,770,000"
22/01/07,"28,711.53","28,813.09","28,293.70","28,478.56",-9.31,0,"1,289,050,000"
22/01/06,"29,136.75","29,158.95","28,487.87","28,487.87",-844.29,-2.9,"1,210,640,000"
22/01/05,"29,288.80","29,388.16","29,204.45","29,332.16",30.37,0.1,"1,259,720,000"
22/01/04,"29,098.41","29,323.79","28,954.56","29,301.79",510.08,1.8,"1,109,930,000"
21/12/30,"28,794.24","28,904.42","28,579.49","28,791.71",-115.17,-0.4,"729,840,000"
21/12/29,"28,995.73","29,106.28","28,729.61","28,906.88",-162.28,-0.6,"852,580,000"
21/12/28,"28,953.32","29,121.01","28,879.68","29,069.16",392.7,1.4,"952,490,000"
21/12/27,"28,786.33","28,805.28","28,658.82","28,676.46",-106.13,-0.4,"777,480,000"
21/12/24,"28,836.05","28,870.13","28,773.50","28,782.59",-15.78,-0.1,"746,720,000"
21/12/23,"28,703.01","28,798.37","28,640.15","28,798.37",236.16,0.8,"813,500,000"
21/12/22,"28,614.06","28,673.77","28,473.85","28,562.21",44.62,0.2,"874,920,000"
21/12/21,"28,309.60","28,533.74","28,226.43","28,517.59",579.78,2.1,"1,015,660,000"
21/12/20,"28,325.46","28,441.51","27,893.18","27,937.81",-607.87,-2.1,"1,142,330,000"
21/12/17,"28,854.60","28,904.94","28,503.08","28,545.68",-520.64,-1.8,"1,440,020,000"
21/12/16,"28,868.37","29,070.08","28,782.19","29,066.32",606.6,2.1,"1,053,520,000"
21/12/15,"28,358.47","28,525.83","28,358.47","28,459.72",27.08,0.1,"990,230,000"
21/12/14,"28,554.86","28,672.96","28,309.67","28,432.64",-207.85,-0.7,"985,940,000"
21/12/13,"28,705.26","28,793.32","28,593.45","28,640.49",202.72,0.7,"955,790,000"
21/12/10,"28,542.50","28,699.01","28,392.87","28,437.77",-287.7,-1,"1,114,090,000"
21/12/09,"28,827.32","28,908.29","28,725.47","28,725.47",-135.15,-0.5,"984,720,000"
21/12/08,"28,792.89","28,897.44","28,621.47","28,860.62",405.02,1.4,"1,219,770,000"
21/12/07,"28,138.82","28,618.46","27,961.66","28,455.60",528.23,1.9,"1,291,110,000"
21/12/06,"28,069.96","28,081.04","27,693.91","27,927.37",-102.2,-0.4,"1,086,940,000"
21/12/03,"27,841.05","28,029.57","27,588.61","28,029.57",276.2,1,"1,233,330,000"
21/12/02,"27,716.20","27,938.55","27,644.96","27,753.37",-182.25,-0.7,"1,348,490,000"
21/12/01,"27,866.73","28,106.30","27,594.01","27,935.62",113.86,0.4,"1,441,190,000"
21/11/30,"28,611.73","28,718.70","27,819.14","27,821.76",-462.16,-1.6,"2,545,760,000"
21/11/29,"28,337.96","28,776.34","28,187.12","28,283.92",-467.7,-1.6,"1,530,620,000"
21/11/26,"29,324.47","29,332.99","28,605.61","28,751.62",-747.66,-2.5,"1,302,900,000"
21/11/25,"29,469.65","29,570.42","29,444.45","29,499.28",196.62,0.7,"959,840,000"
21/11/24,"29,663.45","29,758.05","29,212.93","29,302.66",-471.45,-1.6,"1,221,870,000"
21/11/22,"29,618.55","29,806.49","29,542.29","29,774.11",28.24,0.1,"1,065,380,000"
21/11/19,"29,641.05","29,768.54","29,589.19","29,745.87",147.21,0.5,"1,196,350,000"
21/11/18,"29,597.93","29,715.95","29,402.57","29,598.66",-89.67,-0.3,"1,220,400,000"
21/11/17,"29,906.68","29,909.97","29,623.79","29,688.33",-119.79,-0.4,"1,173,390,000"
21/11/16,"29,749.71","29,960.93","29,681.25","29,808.12",31.32,0.1,"1,190,590,000"
21/11/15,"29,807.37","29,861.88","29,718.21","29,776.80",166.83,0.6,"1,163,410,000"
21/11/12,"29,381.45","29,661.22","29,381.45","29,609.97",332.11,1.1,"1,321,450,000"
21/11/11,"29,046.19","29,336.03","29,040.08","29,277.86",171.08,0.6,"1,190,300,000"
21/11/10,"29,209.06","29,296.88","29,079.77","29,106.78",-178.68,-0.6,"1,153,290,000"
21/11/09,"29,557.55","29,750.46","29,240.31","29,285.46",-221.59,-0.8,"1,199,550,000"
21/11/08,"29,735.45","29,735.45","29,507.05","29,507.05",-104.52,-0.4,"1,231,790,000"
21/11/05,"29,840.73","29,840.73","29,504.07","29,611.57",-182.8,-0.6,"1,266,640,000"
21/11/04,"29,859.74","29,880.81","29,718.78","29,794.37",273.47,0.9,"1,482,770,000"
21/11/02,"29,462.40","29,599.57","29,457.18","29,520.90",-126.18,-0.4,"1,183,560,000"
21/11/01,"29,330.68","29,666.83","29,267.63","29,647.08",754.39,2.6,"1,285,900,000"
21/10/29,"28,819.16","29,000.65","28,475.06","28,892.69",72.6,0.3,"1,564,980,000"
21/10/28,"28,871.61","28,895.11","28,693.06","28,820.09",-278.15,-1,"2,212,790,000"
21/10/27,"29,056.01","29,139.22","28,870.25","29,098.24",-7.77,0,"1,144,110,000"
21/10/26,"28,927.61","29,160.76","28,893.95","29,106.01",505.6,1.8,"1,141,960,000"
21/10/25,"28,527.13","28,668.70","28,472.55","28,600.41",-204.44,-0.7,"1,045,760,000"
21/10/22,"28,578.53","28,989.50","28,546.57","28,804.85",96.27,0.3,"1,051,240,000"
21/10/21,"29,152.74","29,220.82","28,688.78","28,708.58",-546.97,-1.9,"1,041,910,000"
21/10/20,"29,385.95","29,489.11","29,222.32","29,255.55",40.03,0.1,"1,117,800,000"
21/10/19,"29,117.28","29,272.49","29,075.37","29,215.52",190.06,0.7,"1,084,980,000"
21/10/18,"29,093.82","29,144.33","28,924.40","29,025.46",-43.17,-0.1,"1,084,980,000"
21/10/15,"28,787.26","29,082.35","28,726.22","29,068.63",517.7,1.8,"1,143,200,000"
21/10/14,"28,264.41","28,576.68","28,234.01","28,550.93",410.65,1.5,"1,152,660,000"
21/10/13,"28,085.44","28,364.99","27,993.46","28,140.28",-90.33,-0.3,"1,111,800,000"
21/10/12,"28,458.88","28,468.88","28,166.38","28,230.61",-267.59,-0.9,"1,134,930,000"
21/10/11,"27,977.57","28,581.36","27,893.32","28,498.20",449.26,1.6,"1,194,170,000"
21/10/08,"28,031.37","28,321.35","28,018.89","28,048.94",370.73,1.3,"1,356,770,000"
21/10/07,"27,665.97","28,015.11","27,607.97","27,678.21",149.34,0.5,"1,330,870,000"
21/10/06,"28,033.91","28,209.82","27,293.62","27,528.87",-293.25,-1.1,"1,673,820,000"
21/10/05,"28,050.39","28,058.67","27,460.29","27,822.12",-622.77,-2.2,"1,511,320,000"
21/10/04,"29,044.47","29,046.06","28,343.58","28,444.89",-326.18,-1.1,"1,324,330,000"
21/10/01,"29,235.11","29,393.67","28,680.73","28,771.07",-681.59,-2.3,"1,384,430,000"
21/09/30,"29,569.19","29,622.27","29,311.34","29,452.66",-91.63,-0.3,"1,551,250,000"
21/09/29,"29,611.92","29,679.26","29,329.16","29,544.29",-639.67,-2.1,"1,602,590,000"
21/09/28,"30,142.38","30,207.63","30,001.99","30,183.96",-56.1,-0.2,"1,506,770,000"
21/09/27,"30,277.82","30,414.61","30,197.40","30,240.06",-8.75,0,"1,293,460,000"
21/09/24,"30,141.61","30,276.38","30,110.30","30,248.81",609.41,2.1,"1,425,370,000"
21/09/22,"29,744.73","29,868.10","29,573.88","29,639.40",-200.31,-0.7,"1,203,590,000"
21/09/21,"30,021.25","30,051.00","29,832.52","29,839.71",-660.34,-2.2,"1,319,880,000"
21/09/17,"30,387.54","30,541.99","30,358.93","30,500.05",176.71,0.6,"1,599,330,000"
21/09/16,"30,606.15","30,622.39","30,202.51","30,323.34",-188.37,-0.6,"1,261,500,000"
21/09/15,"30,464.17","30,573.41","30,347.30","30,511.71",-158.39,-0.5,"1,205,720,000"
21/09/14,"30,584.77","30,795.78","30,504.81","30,670.10",222.73,0.7,"1,339,010,000"
21/09/13,"30,372.02","30,447.37","30,229.01","30,447.37",65.53,0.2,"1,135,440,000"
21/09/10,"30,089.45","30,381.84","30,064.02","30,381.84",373.65,1.2,"1,486,000,000"
21/09/09,"29,959.21","30,097.56","29,909.92","30,008.19",-173.02,-0.6,"1,260,350,000"
21/09/08,"29,819.55","30,241.87","29,787.13","30,181.21",265.07,0.9,"1,320,220,000"
21/09/07,"29,883.92","30,048.23","29,838.43","29,916.14",256.25,0.9,"1,257,380,000"
21/09/06,"29,501.22","29,705.04","29,469.35","29,659.89",531.78,1.8,"1,176,830,000"
21/09/03,"28,626.48","29,149.65","28,607.87","29,128.11",584.6,2,"1,243,100,000"
21/09/02,"28,522.46","28,626.20","28,412.91","28,543.51",92.49,0.3,"1,058,060,000"
21/09/01,"28,179.04","28,457.67","28,179.04","28,451.02",361.48,1.3,"1,082,660,000"
21/08/31,"27,690.77","28,158.95","27,602.21","28,089.54",300.25,1.1,"1,235,240,000"
21/08/30,"27,867.60","27,921.55","27,656.63","27,789.29",148.15,0.5,"1,021,740,000"
21/08/27,"27,581.24","27,670.66","27,481.23","27,641.14",-101.15,-0.4,"869,850,000"
21/08/26,"27,793.63","27,828.28","27,684.50","27,742.29",17.49,0.1,"860,750,000"
21/08/25,"27,768.13","27,897.72","27,684.05","27,724.80",-7.3,0,"912,540,000"
21/08/24,"27,653.23","27,817.89","27,653.23","27,732.10",237.86,0.9,"959,420,000"
21/08/23,"27,193.10","27,541.63","27,193.10","27,494.24",480.99,1.8,"944,160,000"
21/08/20,"27,238.45","27,316.79","26,954.81","27,013.25",-267.92,-1,"1,231,970,000"
21/08/19,"27,398.58","27,504.80","27,255.58","27,281.17",-304.74,-1.1,"1,076,240,000"
21/08/18,"27,418.08","27,671.57","27,347.77","27,585.91",161.44,0.6,"946,540,000"
21/08/17,"27,666.94","27,750.39","27,424.47","27,424.47",-98.72,-0.4,"954,190,000"
21/08/16,"27,806.11","27,833.21","27,427.38","27,523.19",-453.96,-1.6,"1,036,550,000"
21/08/13,"28,038.96","28,070.00","27,949.33","27,977.15",-37.87,-0.1,"992,100,000"
21/08/12,"28,177.20","28,279.80","28,006.31","28,015.02",-55.49,-0.2,"1,044,170,000"
21/08/11,"28,045.84","28,146.68","27,974.99","28,070.51",182.36,0.7,"1,160,130,000"
21/08/10,"27,887.03","28,128.61","27,808.54","27,888.15",68.11,0.2,"1,087,590,000"
21/08/06,"27,709.22","27,888.87","27,709.22","27,820.04",91.92,0.3,"991,690,000"
21/08/05,"27,526.67","27,741.55","27,526.67","27,728.12",144.04,0.5,"955,270,000"
21/08/04,"27,612.90","27,636.34","27,488.74","27,584.08",-57.75,-0.2,"1,074,020,000"